uniq_id,product_name,description,product_category,predicted_category
833a87b0af3b84fe246d2ebf271af177,Zyxel PLA-4205,buy zyxel pla4205 only for rs 8100 from flipkartcom only genuine products 30 day replacement guarantee free shipping cash on delivery,Computers,Computers
55195de3873fffaa9e37b041533d7305,Philips 9.5 W LED B22 3000K A55 IND Bulb,buy philips 95 w led b22 3000k a55 ind bulb for rs419 online philips 95 w led b22 3000k a55 ind bulb at best prices with free shipping cash on delivery only genuine products 30 day replacement guarantee,Kitchen & Dining,Home Decor & Festive Needs
44b963eb856b4831dfdd21b666593c95,Lapguard Lenovo IdeaPad V470 6 Cell Laptop Battery,lapguard lenovo ideapad v470 6 cell laptop battery price rs 1799 the product is compatible with the above mentioned model numberthis lapguard replacement battery is made from high grade cells and highest quality parts this lapguard brand replacement battery is 100 percent comparable to original battery in all terms including its size appearance and most important quality each lapguard laptop battery has to pass strict quality control procedures including filtration and safety testing of voltage capacity and battery core body each battery also passes necessary authentication certifications like ce rohs etc before leaving the factory so you can be rest assured for its quality durability and performance please note that all images are indicative actual product label may vary battery part nomodel may not be printed on label the product is compatible with the above mentioned model numberthis lapguard replacement battery is made from high grade cells and highest quality parts this lapguard brand replacement battery is 100 percent comparable to original battery in all terms including its size appearance and most important quality each lapguard laptop battery has to pass strict quality control procedures including filtration and safety testing of voltage capacity and battery core body each battery also passes necessary authentication certifications like ce rohs etc before leaving the factory so you can be rest assured for its quality durability and performance please note that all images are indicative actual product label may vary battery part nomodel may not be printed on label,Computers,Computers
98ad5b99ad96695568d8f143b11ab740,Anna Andre Paris Set of Dark Fire & Numero 1 Deodorants Combo Set,flipkartcom buy anna andre paris set of dark fire numero 1 deodorants combo set online only for rs 310 from flipkartcom only genuine products 30 day replacement guarantee free shipping cash on delivery,Beauty and Personal Care,Beauty and Personal Care
29b1ca231e10d5269516b80bf9d0dffc,"Lenco Bdblue Tango Analog Watch  - For Men, Boys",lenco bdblue tango analog watch for men boys buy lenco bdblue tango analog watch for men boys bdblue online at rs599 in india only at flipkartcom sports watch casual watch big size dial colourful strap great discounts only genuine products 30 day replacement guarantee free shipping cash on delivery,Watches,Watches
c6f4475e2385cc16ce83f21f975614b3,Rute Baby Girl's Sleepsuit,key features of rute baby girls sleepsuit fabric cotton brand color pinkrute baby girls sleepsuit price rs 399 rute pink embroidered cotton sleepsuitspecifications of rute baby girls sleepsuit general details ideal for baby girls age group 0 24 month pattern embroidered fabric cotton neck round neck sleeve full sleeve bootie yes hood no closure snap buttons number of contents in sales package pack of 1 fabric care wash with similar colors use detergent for colors dimensions length full in the box 1 sleepsuit,Baby Care,Baby Care
d75705ad163412347cba51f882e9c0f0,Surface180 Wonderful Wooden Antique Drawer Box Showpiece  -  20 cm,surface180 wonderful wooden antique drawer box showpiece 20 cm wooden green price rs 1112 the vibrant antique drawer box looks astonishing with alluring carvings and bright colors featuring body dimensions of 13 l x 10 w x 18 h cms it is indeed an amazing home decorative item the small and compact wooden antique style box has different golden carvings on each front panel of the drawer and around the drawer box which makes it fascinating note this is handcraft item so each item will be different than other due to limitation of photography the vibrant antique drawer box looks astonishing with alluring carvings and bright colors featuring body dimensions of 13 l x 10 w x 18 h cms it is indeed an amazing home decorative item the small and compact wooden antique style box has different golden carvings on each front panel of the drawer and around the drawer box which makes it fascinating note this is handcraft item so each item will be different than other due to limitation of photography,Home Decor & Festive Needs,Home Decor & Festive Needs
60a7313ea1e0ee8d845a0a6dec6117cc,Zingalalaa LP-50 50 lm LED Corded Portable Projector,specifications of zingalalaa lp50 50 lm led corded portable projector multicolor performance features aspect ratio 1609 color support 2 milion throw ratio 145 3d support no general brand zingalalaa resolution native 480 x 320 pixel pixel maximum 1092 x 1080 pixel pixel keystone correction automatic model number lp50 brightness 50 lm signal type pal projection distance 535 m technology used brilliantcolor supported file format jpeg bmp png wma mp3 mp4 mpeg1 mpeg2 mpeg4 rmvb h264 mov flv divx avi projection screen size 2525 m color multicolor warranty covered in warranty warranty of the product is limited to manufacturing defects only warranty summary 3 months replacement warranty warranty service type repair replacement not covered in warranty warranty does not cover any external damage dimensions weight 550 g height 88 cm width 11 cm depth 4 cm connectivity features wireless network connectivity no audio inputoutput 35 mm jack macintosh compatibility no vga port yes hdmi port yes memory card supported micro sd power features power source corded audio features audio type mono number of speakers 2 speaker output 1 w lens features zoom type 115x lamp type 16w led lamp display technology led lamp life 2000 hours additional features remote control yes mountable yes in the box 1 projector power cord remote av cable user manual,Computers,Computers
b515014adccb1fdf5ff1e2c4a8ff9ea6,Artisan Creation Checkered Single Quilts & Comforters Brown,artisan creation checkered single quilts comforters brown 1 single bed quilt price rs 745 presenting the world famous jaipuri pure cotton and velvet single bed razai quilt in traditional sanganeri print of rajasthan these good looking fluffy handmade indian quilts are a specialty of jaipur this spectacular quilt will enhance the beauty of your home decorspecially designed white check brown quilt made of fine polyfill filling and reversible with one side velvet and having beautifull colour velvet borders presenting the world famous jaipuri pure cotton and velvet single bed razai quilt in traditional sanganeri print of rajasthan these good looking fluffy handmade indian quilts are a specialty of jaipur this spectacular quilt will enhance the beauty of your home decorspecially designed white check brown quilt made of fine polyfill filling and reversible with one side velvet and having beautifull colour velvet borders,Home Furnishing,Home Decor & Festive Needs
6acca991d2353781779b866e4f96edd9,"Home Originals Abstract, Checkered Double Blanket Multicolor",buy home originals abstract checkered double blanket multicolor at rs 1299 at flipkartcom only genuine products free shipping cash on delivery,Home Furnishing,Home Furnishing
f2aaeda52ac1f77c2886af013fded02b,Olvin 1697 SM05 Analog Watch  - For Women,olvin 1697 sm05 analog watch for women buy olvin 1697 sm05 analog watch for women 1697 sm05 online at rs999 in india only at flipkartcom great discounts only genuine products 30 day replacement guarantee free shipping cash on delivery,Watches,Watches
7f6678a6217c831b716feca796f689fd,BabyBucket Cotton Bath Towel,buy babybucket cotton bath towel at rs 735 at flipkartcom only genuine products free shipping cash on delivery,Baby Care,Baby Care
41fd5af61752be98b19b611a6ff9a0ef,Prithish Friend Indeed Ceramic Mug,buy prithish friend indeed ceramic mug for rs225 online prithish friend indeed ceramic mug at best prices with free shipping cash on delivery only genuine products 30 day replacement guarantee,Kitchen & Dining,Kitchen & Dining
1c0fdd598671f6f4e10b21435d766cf3,Allin Exporters Cumin Seed Oil (Co2 Extract),key features of allin exporters cumin seed oil co2 extract ideal for men women application area all skin type combination skin organic type organicallin exporters cumin seed oil co2 extract 250 ml price rs 3899 cumin seed oil extract is obtained from the dried seeds of cumin plant botanically known as cuminum cyminum through the method of co2 extraction method it is regarded as the best oil for use over joints and muscles to provided an utmost level of relaxation the use of this oil extract as a massage oil in dilution with carrier oil also helps to provide a soothing feel to mind in particular cumin seed oil extract blends perfectly with chamomile angelica lavender rosemary caraway and other carrier or essential oilsspecifications of allin exporters cumin seed oil co2 extract 250 ml in the box essential oil body essential oil traits ideal for men women application area all organic yes organic type organic general traits brand allin exporters skin type combination skin container type bottle quantity 250 ml model name cumin seed oil co2 extract,Beauty and Personal Care,Beauty and Personal Care
00e966a5049a262cfc72e6bbf68b80e7,YGS Keyboard Case for Asus Memo Pad 7in Tab,key features of ygs keyboard case for asus memo pad 7in tab portfolio folio case with magnetic lock for safety four corner elastic straps to keep the device securely tucked inside with stand to easily watch movies and do a video chat made of high grade synthetic leather with durable stitching notethis is a universal case for all 7inch android tablets so it features no camera cuts moreover please check compatibity with your tablet as it works through micro usb onlyygs keyboard case for asus memo pad 7in tab pink price rs 499 ygs universal qwerty keyboard for android tablet provides you the dual benefit of protecting your tab as well as providing you with a full functioning keyboard intricate stitching makes the case long lasting and durable the display stand makes it easier for you to write using the keyboard or watch movies on your tab the keyboard itself is similar in functionality to netbook keyboards with full qwerty layoutnotethis is a universal case for all 7inch android tablets so it features no camera cuts moreover please check compatibity with your tablet as it works through micro usb onlyspecifications of ygs keyboard case for asus memo pad 7in tab pink general brand ygs shade pink material artificial leather designed for asus memo pad 7in tab model id ygskb95 color pink in the box sales package 1 keyboard tablet cover,Computers,Computers
7fd3f7b35e8b4a66432c974c8cb5c46d,PRINT SHAPES doraemon Laptop Skin with Mouse pad Combo Set,specifications of print shapes doraemon laptop skin with mouse pad combo set multicolor general brand print shapes model name doraemon laptop skin with mouse pad suitablefor all types of laptop color multicolor warranty warranty summary no warranty in the box number of contents in sales package pack of 2,Computers,Computers
6e812fbc03331ab363789b0f2d6b3ff2,Titrit Baby Girl's Gathered Dress,key features of titrit baby girls gathered dress baby frock with shrug and legging material cotton layered pattern and allover print soft fabric full sleevestitrit baby girls gathered dress price rs 1800 make an outfit with these lovely threepiece set for your daughterwith the touch of vibrant pink this dress defines comfort and stylespecifications of titrit baby girls gathered dress in the box 1 frock 1 shrug 1 legging dimensions length midiknee length general details pattern printed ideal for baby girls occasion casual dress details sleeve full sleeve number of contents in sales package pack of 3 fabric cotton type gathered neck round fabric care wash with similar colours,Baby Care,Baby Care
a863d956964ed41b7c90f5138dc69db5,4D Lenovo IdeaPad Y430g 6 Cell Laptop Battery,buy 4d lenovo ideapad y430g 6 cell laptop battery only for rs 1350 from flipkartcom only genuine products 30 day replacement guarantee free shipping cash on delivery,Computers,Computers
d395b2f3d13ff8897f403c6141e0e39a,Amber Cotton Set of Towels,buy amber cotton set of towels at rs 239 at flipkartcom only genuine products free shipping cash on delivery,Home Furnishing,Home Furnishing
43f4a023dd92830ab5b26886c496f23e,HomeeHub Polyester Multicolor Self Design Eyelet Window Curtain,buy homeehub polyester multicolor self design eyelet window curtain at rs 599 at flipkartcom only genuine products free shipping cash on delivery,Home Furnishing,Home Decor & Festive Needs
0c4718ae90f2889b7021a99ee1cc106c,Bergner Kadhai NA L,bergner kadhai na l aluminium nonstick price rs 1499 get this strong kadai with tempered glass lid from bergner and make a brilliant collection of utensils for your kitchen made of high quality stainless steel with diamond coating these have quick heat distribution ability and are lightweight and corrosion resistant get this strong kadai with tempered glass lid from bergner and make a brilliant collection of utensils for your kitchen made of high quality stainless steel with diamond coating these have quick heat distribution ability and are lightweight and corrosion resistant,Kitchen & Dining,Kitchen & Dining
4f708bc74c4d29b2967dc38a1f5ae6d5,Rock Rocket Desktop Charger 6950290687051 USB USB Hub,buy rock rocket desktop charger 6950290687051 usb usb hub for rs2999 online rock rocket desktop charger 6950290687051 usb usb hub at best prices with free shipping cash on delivery only genuine products 30 day replacement guarantee,Computers,Computers
bdcc7e18ffed5390cd3107030992ffa6,Rishan Printed Baby Boy's V-neck T-Shirt,specifications of rishan printed baby boys vneck tshirt tshirt details sleeve full sleeve number of contents in sales package pack of 1 fabric cotton type vneck fit regular general details pattern printed occasion casual ideal for baby boys in the box 1 t shirt additional details style code rishakfsp14 fabric care do not wringdo not use hot waterdo not restitch,Baby Care,Baby Care
952a100cf3a5bdf2d655e9cdca0e9dd5,Casotec Lightning 272017A USB USB Cable,casotec lightning 272017a usb usb cable purple price rs 299 casotec 2in1 retractable universal cable ensuring complete charger and sync compatibility with your devices connect the 8 pin connector or micro usb connector to your ios or android devices and connect the usb side into a wall charger adapter or usb hub to charger or your computer to sync data its retractable design makes this cable ideal for stowing in a purse or a bag simply pull both ends of the cable and slowly release and the cable will store neatly in its housing without getting tangled casotec 2in1 retractable universal cable ensuring complete charger and sync compatibility with your devices connect the 8 pin connector or micro usb connector to your ios or android devices and connect the usb side into a wall charger adapter or usb hub to charger or your computer to sync data its retractable design makes this cable ideal for stowing in a purse or a bag simply pull both ends of the cable and slowly release and the cable will store neatly in its housing without getting tangled,Computers,Computers
7616c21074fe889defce033dcd0d7cb6,Now Q710-SOS07 NOW Analog Watch  - For Girls,now q710sos07 now analog watch for girls buy now q710sos07 now analog watch for girls q710sos07 online at rs695 in india only at flipkartcom great discounts only genuine products 30 day replacement guarantee free shipping cash on delivery,Watches,Watches
0abfcbe0e17dd50c4cf5fb1d6037d514,Brillare Science Dandruff Control Shampoo & Intenso Creme Combo,specifications of brillare science dandruff control shampoo intenso creme combo set of combo set details combo set contents 1 dandruff control shampoo 150ml 1 dandruff control intenso creme 125g ideal for women men organic no general traits professional care yes,Beauty and Personal Care,Beauty and Personal Care
45204a03550940bdcbc8e4703c07f550,Brahmz Glass Mossiac Table Lamp,key features of brahmz glass mossiac table lamp multi color 40w bulbbrahmz glass mossiac table lamp 18 cm multi color price rs 999 a refreshing change from the sleek and contemporary lamps this table lamp from brahmz breaks away from the conventions with its unique appeal and beautiful coloursmade of glass made of glass this table lamp is durable and sturdy and enhances your home dcormosaic patterna blend of traditional and modern this table lamp has a colourful and vibrant mosaic pattern that gives your home a magical and charming ambiencehandmade design this table lamp is beautifully handcrafted with skill and creativity that make it an elegant addition to your home dcorspecifications of brahmz glass mossiac table lamp 18 cm multi color in the box number of contents in sales package pack of 1 sales package 1 table lamp general lamp base material glass mossiac model number g137 bulb type 40w type standard assembly required no model name glass mossiac lamp body material glass mossiac color multi color dimensions cord length 39 inch weight 700 g height 18 cm width 13 cm power features power source ac,Home Decor & Festive Needs,Home Decor & Festive Needs
9ba898ecb77ab5a6799c8b047c6b6008,Caffeine Handmade Tribal Print Influenced Katori Bowl (Set of 2) Stoneware Bowl Set,key features of caffeine handmade tribal print influenced katori bowl set of 2 stoneware bowl set tip to bottom is 100 handmade with fine details dessert bowls used for vegetables fruits custards snacks etc material ceramicstoneware capacity 400ml each note set of 2 size101045caffeine handmade tribal print influenced katori bowl set of 2 stoneware bowl set orange green pack of 2 price rs 699 caffeine ceramic handmade tribal print influenced katori bowl set of 2 this is a perfect product of handmade tribal pottery art at the same time elegant piece of ceramic works this is a cute combination katori set of 2 pieces with perfect glossy ceramic finish this is beauty of hand art in the field of product enough to highlight your serving and give your dining an elite and sweet touch those who love their food love their kitchen will definitely love this modern approach to pudding and dessert bowls serve your guests in this after meal and get the sparkling appreciation for your fine hospitality tip to bottom is 100 handmade with fine details dessert bowls used for vegetables fruits custards snacks etc material ceramicstoneware capacity 400ml each note set of 2specifications of caffeine handmade tribal print influenced katori bowl set of 2 stoneware bowl set orange green pack of 2 general brand caffeine model number nt345 type bowl set model name handmade tribal print influenced katori bowl set of 2 bowl type ice cream bowl pudding bowl fruit bowl decorative bowl soup bowl vegetable bowl sauce bowl freezer safe yes microwave safe yes color orange green body and design features material stoneware in the box sales package 2 bowls pack of 2,Kitchen & Dining,Kitchen & Dining
6e44d107ee32412243b19b0ed9b415f3,Anna Andre Paris Majesty Deodorant Combo Set,flipkartcom buy anna andre paris majesty deodorant combo set online only for rs 199 from flipkartcom only genuine products 30 day replacement guarantee free shipping cash on delivery,Beauty and Personal Care,Beauty and Personal Care
2f712e172ee77a913b6d627657986b72,Prithish Pschedelic Collection 1 Ceramic Mug,buy prithish pschedelic collection 1 ceramic mug for rs225 online prithish pschedelic collection 1 ceramic mug at best prices with free shipping cash on delivery only genuine products 30 day replacement guarantee,Kitchen & Dining,Kitchen & Dining
feefbdff924dd6b7cc266449c9a36d69,Rockmantra Red Flowers In Bucket Ceramic Mug,rockmantra red flowers in bucket ceramic mug 55 l price rs 199 give a thrilling yet fresh start to your day an exclusive creation by rockmantra this mug features porcelain crafting ensuring the design stays permanent for years to come and making it a perfect pick to gift your loved ones toodishwasher and microwave safe product details and specifications material ceramic size 35 x 4 give a thrilling yet fresh start to your day an exclusive creation by rockmantra this mug features porcelain crafting ensuring the design stays permanent for years to come and making it a perfect pick to gift your loved ones toodishwasher and microwave safe product details and specifications material ceramic size 35 x 4,Kitchen & Dining,Kitchen & Dining
ae19a81b730b48b87ca72521af8fb902,TP-LINK 4-Port Cable/DSL/TL-R460,buy tplink 4port cabledsltlr460 only for rs 1199 from flipkartcom only genuine products 30 day replacement guarantee free shipping cash on delivery,Computers,Computers
964648862f322b2cc153239af04b22ef,ARB Toshiba Dynabook SS MX/395LS Compatible Black 6 Cell Laptop Battery,buy arb toshiba dynabook ss mx395ls compatible black 6 cell laptop battery only for rs 1599 from flipkartcom only genuine products 30 day replacement guarantee free shipping cash on delivery,Computers,Computers
700dfd088162ea00deda33123cd7f2da,Timex TI000I70600 Analog Watch  - For Men,timex ti000i70600 analog watch for men buy timex ti000i70600 analog watch for men ti000i70600 online at rs3125 in india only at flipkartcom stainless steel back case round dial buckle clasp black strap water resistant great discounts only genuine products 30 day replacement guarantee free shipping cash on delivery,Watches,Watches
c7fcd0d983a51283e58b806f065cc920,Diviniti MDF Color Religious Wall Hanging Size 4 Radha Krishna Showpiece  -  36.4 cm,buy diviniti mdf color religious wall hanging size 4 radha krishna showpiece 364 cm for rs13400 online diviniti mdf color religious wall hanging size 4 radha krishna showpiece 364 cm at best prices with free shipping cash on delivery only genuine products 30 day replacement guarantee,Home Decor & Festive Needs,Home Decor & Festive Needs
b2e4a7feb6bbca9cca2c0c1e18acbcfc,Rajasthan Crafts Abstract Single Quilts & Comforters Maroon,buy rajasthan crafts abstract single quilts comforters maroon at rs 940 at flipkartcom only genuine products free shipping cash on delivery,Home Furnishing,Home Decor & Festive Needs
d98147c96d2eebf723b2b67d791bcdaa,Timewel 1100-N2017 Analog Watch  - For Women,timewel 1100n2017 analog watch for women buy timewel 1100n2017 analog watch for women 1100n2017 online at rs795 in india only at flipkartcom great discounts only genuine products 30 day replacement guarantee free shipping cash on delivery,Watches,Watches
7e11aaffb1d08f8091ea94598f7865aa,Lal Haveli Rajasthani Handmade Decorative Wood Jharoka Showpiece  -  30.48 cm,buy lal haveli rajasthani handmade decorative wood jharoka showpiece 3048 cm for rs749 online lal haveli rajasthani handmade decorative wood jharoka showpiece 3048 cm at best prices with free shipping cash on delivery only genuine products 30 day replacement guarantee,Home Decor & Festive Needs,Home Decor & Festive Needs
c3c23b5aa5e388e5f71883f61d1a0561,Vedic Deals Couple Radium Statues Showpiece  -  28 cm,buy vedic deals couple radium statues showpiece 28 cm for rs499 online vedic deals couple radium statues showpiece 28 cm at best prices with free shipping cash on delivery only genuine products 30 day replacement guarantee,Home Decor & Festive Needs,Home Decor & Festive Needs
5df72b5295dc5e6126693e640b50f3a2,Apple MD199HN/A,buy apple md199hna only for rs 5900 from flipkartcom only genuine products 30 day replacement guarantee free shipping cash on delivery,Computers,Computers
5188dd28a627807407d93549580afb74,Rajrang Animal Cushions Cover,buy rajrang animal cushions cover at rs 984 at flipkartcom only genuine products free shipping cash on delivery,Home Furnishing,Home Decor & Festive Needs
cabeeb2c7f68a833964bf7329d360886,Foolzy Pack of 24 Lipsticks 84 g,flipkartcom buy foolzy pack of 24 lipsticks 84 g for rs 1299 from flipkartcom lowest prices only genuine products 30 day replacement guarantee free shipping cash on delivery,Beauty and Personal Care,Beauty and Personal Care
5518124b75d6c6dfee4c2e4c0cfa716a,"Simoco 7 W, 9 W, 12 W LED Bulb",buy simoco 7 w 9 w 12 w led bulb for rs829 online simoco 7 w 9 w 12 w led bulb at best prices with free shipping cash on delivery only genuine products 30 day replacement guarantee,Kitchen & Dining,Home Decor & Festive Needs
f89ebd1d0889fbafa7c9453dbb0dfffd,Home Creations Polyester Blue Floral Eyelet Door Curtain,buy home creations polyester blue floral eyelet door curtain at rs 1399 at flipkartcom only genuine products free shipping cash on delivery,Home Furnishing,Home Decor & Festive Needs
1971dcd2f3058a4c87bdd7d87d4baeba,KE GIFT BOX STOR JEWELLARY Vanity Jewellery,specifications of ke gift box stor jewellary vanity jewellery blue additional features gift box body features body material wood aluminium number of drawers 1 drawer number of compartments 1 compartment in the box sales package gift box,Beauty and Personal Care,Home Decor & Festive Needs
b4ccd4c315d99edd7c00d015b714485a,Famous Wheel Pizza Cutter,famous wheel pizza cutter steel pack of 1 price rs 299 pizza cutter with extra shape blade brand new and high quality perfectly designed pizza cutter for pizza sandwich garlic bread pastry performance with easy operation sharp edge perfect grip while high quality compact size and light weight for convenient use new stylish pizza cutter cut pizza with great ease blade made of high quality stainless steel handle made of high quality plastic scientifically designed for effort less cutting durable portable and easy to carry beautiful and stylish model may vary according to availability pizza cutter slicer perfectly designed pizza cutter for optimum perfect grip while cutting pizza cutter with extra sharp blade best grip for holding and cutting compact size and light weight for convenient use pizza cutter with extra shape blade brand new and high quality perfectly designed pizza cutter for pizza sandwich garlic bread pastry performance with easy operation sharp edge perfect grip while high quality compact size and light weight for convenient use new stylish pizza cutter cut pizza with great ease blade made of high quality stainless steel handle made of high quality plastic scientifically designed for effort less cutting durable portable and easy to carry beautiful and stylish model may vary according to availability pizza cutter slicer perfectly designed pizza cutter for optimum perfect grip while cutting pizza cutter with extra sharp blade best grip for holding and cutting compact size and light weight for convenient use,Kitchen & Dining,Kitchen & Dining
0096e89cc25a8b96fb9808716406fe94,oxford Tawa 15 cm cm diameter,key features of oxford tawa 15 cm cm diameter nonstick tawaspecifications of oxford tawa 15 cm cm diameter aluminium nonstick general pan type flat nonstick yes brand oxford model number 16 induction bottom no type tawa material aluminium capacity 1 l l color black in the box sales package 1 dosa tawa dimensions diameter 15 cm cm,Kitchen & Dining,Kitchen & Dining
650e27dff8f645649353743f64e03f77,HP v220w 16 GB  Pen Drive,specifications of hp v220w 16 gb pen drive silver black general specifications interface usb 20 brand hp capacity gb 16 gb model v220w case material metal color silver black dimensions weight 45 g in the box 1 pendrive,Computers,Computers
c3edc504d1b4f0ba6224fa53a43a7ad6,Wallmantra Medium Vinyl Sticker Sticker,buy wallmantra medium vinyl sticker sticker for rs1333 online wallmantra medium vinyl sticker sticker at best prices with free shipping cash on delivery only genuine products 30 day replacement guarantee,Baby Care,Home Decor & Festive Needs
f54d0c5cbd8e2270742293edf9075cb1,"The Intellect Bazaar Abstract Double Dohar Blue, Brown",buy the intellect bazaar abstract double dohar blue brown at rs 949 at flipkartcom only genuine products free shipping cash on delivery,Home Furnishing,Home Decor & Festive Needs
0c70a580d96e50966130e2885d8c3505,HuppmeGift Happy Birthday Navneet Inner Red Ceramic  (350ml) Ceramic Mug,key features of huppmegift happy birthday navneet inner red ceramic 350ml ceramic mug pack of 1 mughuppmegift happy birthday navneet inner red ceramic 350ml ceramic mug 350 ml price rs 270 11oz red interior sublimation mug grade a white with red interior ceramic mug with high temperature transparent polymerthe mug this has been the most famous kitchen utensil on office desks used in different forms his versatility is matched only with the paper clips did you know that ice cream is more practical to eat it in a mug the cereal too make it favorite personalizing toospecifications of huppmegift happy birthday navneet inner red ceramic 350ml ceramic mug 350 ml general type mug mug capacity 350 ml material ceramic freezer safe yes microwave safe yes dimensions weight 350 g height 95 mm width 80 mm depth 85 mm in the box sales package 1 mug,Kitchen & Dining,Kitchen & Dining
2f40e01331bc00216d147d4ebfdfbaf3,Infinity India Antique Gemstone Brass Surahi Handicraft Gift -1001 Showpiece  -  10 cm,buy infinity india antique gemstone brass surahi handicraft gift 1001 showpiece 10 cm for rs750 online infinity india antique gemstone brass surahi handicraft gift 1001 showpiece 10 cm at best prices with free shipping cash on delivery only genuine products 30 day replacement guarantee,Home Decor & Festive Needs,Home Decor & Festive Needs
d47f1cb78db4a23e2516e2d34da34c8a,Nutcase Sticker Wrap Design - Pineapple 800 ml Bottle,nutcase sticker wrap design pineapple 800 ml bottle pack of 1 multicolor price rs 399 nutcase brings you designer water bottle nutcase bottles reflect your style your attitude this aluminium water bottle comes with a harness hook waterproof sticker wrap and a fresh quirky playful design nutcase brings you designer water bottle nutcase bottles reflect your style your attitude this aluminium water bottle comes with a harness hook waterproof sticker wrap and a fresh quirky playful design,Kitchen & Dining,Kitchen & Dining
159b45e4dede207f28319bf1cacee3bc,MSenterprises Floral Cushions Cover,msenterprises floral cushions cover pack of 5 40 cm40 cm brown price rs 580 pack of 5 cushion cover pack of 5 cushion cover,Home Furnishing,Home Decor & Festive Needs
215decf6f993d7b45d75520d9174493f,Netgear D3600 N600 Dual Band Gigabit Wi-Fi Modem Router,buy netgear d3600 n600 dual band gigabit wifi modem router only for rs 8274 from flipkartcom only genuine products 30 day replacement guarantee free shipping cash on delivery,Computers,Computers
99b5905a1079edc2744b06a4049719e0,Pokizo Baby Girl's A-line Dress,key features of pokizo baby girls aline dress multicolour alinespecifications of pokizo baby girls aline dress dimensions length midiknee length general details ideal for baby girls occasion party dress details fabric cotton type aline,Baby Care,Baby Care
02a53d335775b652f22f41b529b9d646,Suave Naturals Everlasting Sunshine Conditioner,key features of suave naturals everlasting sunshine conditioner ideal for boys girls applied for conditioning hair condition damaged hair hair type dry hairspecifications of suave naturals everlasting sunshine conditioner 665 ml conditioner traits hair condition damaged hair hair type dry hair applied for conditioning ideal for boys girls general traits brand suave quantity 665 ml model name naturals everlasting sunshine conditioner in the box 1 conditioner,Beauty and Personal Care,Beauty and Personal Care
90f86ac4065397340e8012261577c220,Step4deal Wheel Pizza Cutter,step4deal wheel pizza cutter stainless steel pack of 1 price rs 139 enjoy a delicious slice of pizza at home with this pizza cutter it is made of stainless steel this siver coloured pizza cutter will help cut pizza slices in one go if your pizzacrazy kids make a big fuss about getting an equal share of their favourite deliacy then this pizza cutter is a must have for your kitchen enjoy a delicious slice of pizza at home with this pizza cutter it is made of stainless steel this siver coloured pizza cutter will help cut pizza slices in one go if your pizzacrazy kids make a big fuss about getting an equal share of their favourite deliacy then this pizza cutter is a must have for your kitchen,Kitchen & Dining,Kitchen & Dining
291d5ff1e50dac3058cf10578f692085,Saco Karbonn Smart Ta Fone A37 Hd Tablet Wired USB Tablet Keyboard,buy saco karbonn smart ta fone a37 hd tablet wired usb tablet keyboard only for rs 500 from flipkartcom only genuine products 30 day replacement guarantee free shipping cash on delivery,Computers,Computers
b3e5f93856cce162850713bb8edce52a,Swastik Velvet Sofa Cover,swastik velvet sofa cover multicolor pack of 10 price rs 699 swastik traders presant velvet sofa cover product length 27 inchesproduct width 22 inches set of 10specifications of swastik velvet sofa cover multicolor pack of 10 general brand swastik suitable for livingroom model number sf11 shade multicolor type sofa material velvet pattern floral color multicolor dimensions weight 05 kg height 68 cm in the box pack of 10,Home Furnishing,Home Furnishing
a6c820b76bc29bbe2d85eecad3de03f8,Mandhania Cotton Bath Towel,buy mandhania cotton bath towel at rs 280 at flipkartcom only genuine products free shipping cash on delivery,Home Furnishing,Home Furnishing
dd5d6f0649f40d49791bbd5c00758e2f,Graco LiteRider Click Connect ï¿½ Marco,specifications of graco literider click connect marco multicolor general foldable yes age group 0 3 years type stroller ideal for boys girls weight supported 18 kg wheel features wheeled bottom yes other wheel features lockable wheel type swivel fixed dimensions weight 766 kg height 311 inch width 1775 inch depth 964 inch safety features locking system yes in the box number of contents in sales package 1 sales package 1 stroller body features storage basket yes recline settings 2 position number of cup holders 2 cup holder yes material lightweight aluminium leg rest type adjustable canopy yes,Baby Care,Baby Care
75015382e469d36e397c5b47ea613314,Times 284TMS284 Party-Wedding Analog Watch  - For Women,times 284tms284 partywedding analog watch for women buy times 284tms284 partywedding analog watch for women 284tms284 online at rs550 in india only at flipkartcom great discounts only genuine products 30 day replacement guarantee free shipping cash on delivery,Watches,Watches
baa093d149982b010ab72ecbeec6110f,Kosher Kadhai 1 L,buy kosher kadhai 1 l for rs586 online kosher kadhai 1 l at best prices with free shipping cash on delivery only genuine products 30 day replacement guarantee,Kitchen & Dining,Kitchen & Dining
920154acbe49d3202ed7d2ed2df1ea13,"Calibro SW-125 Analog-Digital Watch  - For Men, Boys",calibro sw125 analogdigital watch for men boys price rs 699 calibro presents mtg black dial round watch this is a fashionable watch from mtg that adds to your style statement this brand is known for its usage of quality material in making appealing watches it understands the needs of youth so well that it is able to present wide range of watches to its customers the variety in design style and youthful approach is very well executed by this brand get one and see how brilliantly it leads other brands in style finish and everything else that matters calibro presents mtg black dial round watch this is a fashionable watch from mtg that adds to your style statement this brand is known for its usage of quality material in making appealing watches it understands the needs of youth so well that it is able to present wide range of watches to its customers the variety in design style and youthful approach is very well executed by this brand get one and see how brilliantly it leads other brands in style finish and everything else that matters,Watches,Watches
f0bc8dff0e2ef0b75f1c78b4f67bcd63,Trident Cotton Face Towel,trident cotton face towel 1 hand towel 3 face towel yellow price rs 583 the right kind of towels are hard to come by if its good quality it might not be skin friendly if its durable its might not dry too well an ideal towel would be soft to the skin will last long and leave no colour its traumatic to see the colour dra the right kind of towels are hard to come by if its good quality it might not be skin friendly if its durable its might not dry too well an ideal towel would be soft to the skin will last long and leave no colour its traumatic to see the colour dra,Home Furnishing,Home Furnishing
d06bb04b096c77dc3302eaf2db336f96,MH MDF Photo Frame,buy mh mdf photo frame for rs899 online mh mdf photo frame at best prices with free shipping cash on delivery only genuine products 30 day replacement guarantee,Baby Care,Home Decor & Festive Needs
09f9f9b420edea2f39c0dc3c24d5be07,GrandShop 444 inch Multicolor Rice Lights,grandshop 444 inch multicolor rice lights pack of 1 price rs 300 the grandshop rice strip lights are made with a fine bendable copper wire in silver that can conform to any shape to add a beautiful decorative accent flexible yet durable the string lights are perfect for positioning lights to any decorative like diwali christmas tree decoration walls during wedding or any anniversary decorate home on occasions like diwali new year etc the 37 ft long wire hosts 55 very small and intensely bright multicolor led bulbs with light changing mode illuminate in every direction give beautiful color the grandshop rice strip lights are made with a fine bendable copper wire in silver that can conform to any shape to add a beautiful decorative accent flexible yet durable the string lights are perfect for positioning lights to any decorative like diwali christmas tree decoration walls during wedding or any anniversary decorate home on occasions like diwali new year etc the 37 ft long wire hosts 55 very small and intensely bright multicolor led bulbs with light changing mode illuminate in every direction give beautiful color,Home Decor & Festive Needs,Home Decor & Festive Needs
3f9c4d0e8c3bca9c870e41f5098f90d6,Valtellina Checkered Double Blanket Brown,buy valtellina checkered double blanket brown at rs 878 at flipkartcom only genuine products free shipping cash on delivery,Home Furnishing,Home Furnishing
1fcff864d6e397e1424d5366e6c6b8fa,HMT Sonata Gold Plated Watch For Men Sonata Analog Watch  - For Men,hmt sonata gold plated watch for men sonata analog watch for men buy hmt sonata gold plated watch for men sonata analog watch for men sonata gold plated watch for men online at rs899 in india only at flipkartcom great discounts only genuine products 30 day replacement guarantee free shipping cash on delivery,Watches,Watches
a378736c1510a13966b42c2d6462f526,Jacadi Paris Baby Girl's Gathered Blue Dress,key features of jacadi paris baby girls gathered blue dress two pockets cotton dressjacadi paris baby girls gathered blue dress price rs 6099 jacadis playful wool cotton ensemble is finished with bow detail at left chest the top features a detail along the neckline with rick rack trim two patch pockets adorn the front and shell buttons fasten at the backspecifications of jacadi paris baby girls gathered blue dress in the box 1 cotton wool dress dimensions length midiknee length general details pattern striped occasion casual ideal for baby girls dress details number of contents in sales package pack of 1 fabric 95 cotton5wool type gathered,Baby Care,Baby Care
6e7cc21610991cab64595af678e8eb5a,Tapawire Portable USB Flexible Stick Dimmable Touch Switch 10 Super Bright LED Reading Lamp B00 USB Led Light,buy tapawire portable usb flexible stick dimmable touch switch 10 super bright led reading lamp b00 usb led light for rs449 online tapawire portable usb flexible stick dimmable touch switch 10 super bright led reading lamp b00 usb led light at best prices with free shipping cash on delivery only genuine products 30 day replacement guarantee,Computers,Home Decor & Festive Needs
2a20862f02555a44b0ab301bed987a0b,Netgear JWNR2010 N300 Wireless Router,buy netgear jwnr2010 n300 wireless router only for rs 2550 from flipkartcom only genuine products 30 day replacement guarantee free shipping cash on delivery,Computers,Computers
00ed03657cedbe4663eff2d7fa702a33,"Crystle Crystle01 CRSTL - Bluecensor USB Led Light, USB Cable",buy crystle crystle01 crstl bluecensor usb led light usb cable for rs199 online crystle crystle01 crstl bluecensor usb led light usb cable at best prices with free shipping cash on delivery only genuine products 30 day replacement guarantee,Computers,Computers
a7bd63ef1d3b345d7f9a162865bb7c0d,"Flippd FD040149 Casual Analog Watch  - For Women, Girls",flippd fd040149 casual analog watch for women girls buy flippd fd040149 casual analog watch for women girls fd040149 online at rs999 in india only at flipkartcom great discounts only genuine products 30 day replacement guarantee free shipping cash on delivery,Watches,Watches
d4b625befbbb7e8004e53c187f286e11,Binatone WR3000N,buy binatone wr3000n only for rs 1800 from flipkartcom only genuine products 30 day replacement guarantee free shipping cash on delivery,Computers,Watches
8026dc3e27e8e318cc7431a723f7ebc1,Unnati Floral Double Blanket Multicolor,buy unnati floral double blanket multicolor at rs 715 at flipkartcom only genuine products free shipping cash on delivery,Home Furnishing,Home Furnishing
3113367c72125a3355af42426fe14f17,Lal Haveli Beautiful Attractive Hand Painted Decorative Iron Wood Musician 5 Pcs Set Showpiece  -  55.88 cm,buy lal haveli beautiful attractive hand painted decorative iron wood musician 5 pcs set showpiece 5588 cm for rs5549 online lal haveli beautiful attractive hand painted decorative iron wood musician 5 pcs set showpiece 5588 cm at best prices with free shipping cash on delivery only genuine products 30 day replacement guarantee,Home Decor & Festive Needs,Home Decor & Festive Needs
031c98cfde349d99fb6d5983f54c8751,PRINT SHAPES Power of roman reigns Laptop Skin with Mouse pad Combo Set,key features of print shapes power of roman reigns laptop skin with mouse pad combo set glue free removal 156 inches laptop skin easy to apply scratch resistant laminationprint shapes power of roman reigns laptop skin with mouse pad combo set multicolor price rs 329 print shapes laptop skin made on high quality vinyl sheet is compatible with laptops screen sizes ranging from 141 inches to 156 inches trimning of the skin would be required as per your laptop size the skins are easy to install remove without leaving any gum or residuespecifications of print shapes power of roman reigns laptop skin with mouse pad combo set multicolor general brand print shapes model name power of roman reigns laptop skin with mouse pad suitablefor all types of laptop color multicolor warranty warranty summary no warranty in the box number of contents in sales package pack of 2,Computers,Computers
050ea3acb555bf641e7ae9b4f3ba684a,SRP Linen Cotton Plain King sized Double Bedsheet,buy srp linen cotton plain king sized double bedsheet at rs 2879 at flipkartcom only genuine products free shipping cash on delivery,Home Furnishing,Home Furnishing
04f9ff160a1561e3656350f4bd6b8c50,Craft Trade Oval Wood Coaster Set,key features of craft trade oval wood coaster set hand crafted antique coaster apple shaped coaster setcraft trade oval wood coaster set brown pack of 6 price rs 299 decorate your with this amazing handcrafted apple shaped coaster set of 6 this coaster set has a been inspired by apple design which will surely make you fall in love with it this product has been hand crafted by the artists of rajasthan and is made up of fine quality wood it comes with an apple shaped stand to store it on your table and make it look amazing it has a long life and will protect you table from stains authentic hand crafted product from craft trade artisans specifications of craft trade oval wood coaster set brown pack of 6 general shape oval brand craft trade reversible yes design code ct55 type coaster set material wood style code wd1001 pattern self design padding yes wood color brown warranty covered in warranty 7 days relacement warranty in case of manufacturing defects dimensions holder width 8 cm weight 230 g coaster width 8 cm holder height 8 cm coaster diameter 8 cm holder diameter 8 cm coaster length 2 cm coaster thickness 2 cm additional features strain free in the box number of contents in sales package pack of 6 sales package 1 coaster holder with 6 coasters,Home Furnishing,Home Decor & Festive Needs
fc976caafdebbab15560dad48bc6ff0f,Casa Copenhagen Set of Towels,buy casa copenhagen set of towels at rs 800 at flipkartcom only genuine products free shipping cash on delivery,Home Furnishing,Home Furnishing
2670ba9bc61b42937773486ddcae442a,TP-LINK TL-WR702N 150Mbps Wireless N Nano Router,buy tplink tlwr702n 150mbps wireless n nano router only for rs 1599 from flipkartcom only genuine products 30 day replacement guarantee free shipping cash on delivery,Computers,Computers
ce02ab514e4c623dcf7acd7182a7762d,Apex Rolling Pizza Cutter,buy apex rolling pizza cutter for rs69 online apex rolling pizza cutter at best prices with free shipping cash on delivery only genuine products 30 day replacement guarantee,Kitchen & Dining,Kitchen & Dining
d36e6f157d1155369f763a0a434fb129,Digisol DG-BG4100N,buy digisol dgbg4100n only for rs 1470 from flipkartcom only genuine products 30 day replacement guarantee free shipping cash on delivery,Computers,Computers
113783ce1db999778b5a4bd374e61209,"palito PLO 169 Analog Watch  - For Girls, Women",key features of palito plo 169 analog watch for girls women dial color red dial shape round strap color redspecifications of palito plo 169 analog watch for girls women general type analog style code plo 169 occasion formal ideal for girls women warranty 6 months body features dial shape round strap color red dial color red,Watches,Watches
f622e6c12de2c6534c94635f671af107,GIMS Brown Viscose Carpet,key features of gims brown viscose carpet soft polyester viscos elegant look and comfort feel suits drawing room bed room living hallgims brown viscose carpet 165 cm x 120 cm price rs 4100 polyester blend carpet is a perfect suit for your home interiors this rectangular carpet is of coffee brown color with dark and light shade in the same color this carpet is best choice for your center table add elegance and beauty with this carpetspecifications of gims brown viscose carpet 165 cm x 120 cm general shape rrectangular brand gims design code 4by6 type carpet material viscose style code brown centre table pattern paisley color brown warranty covered in warranty 10 days replacement dimensions length 47 inch 120 cm width 64 inch 165 cm in the box number of contents in sales package pack of 1,Home Furnishing,Home Decor & Festive Needs
5307e0db12b1018746ac3801d189c379,Home Delight 130 inch Pink Rice Lights,home delight 130 inch pink rice lights pack of 5 price rs 199 these are pink rice light colourful pvc copper wire warmer with traditional glow flametip shape cuts electricity costs up to 80 than ordinary bulbs bulbs which are also virtually unbreakable and very durable these light series can be hanged indoors or outdoor ip44 high energy saving and safety superior material with competitive price promotion for festivals these are pink rice light colourful pvc copper wire warmer with traditional glow flametip shape cuts electricity costs up to 80 than ordinary bulbs bulbs which are also virtually unbreakable and very durable these light series can be hanged indoors or outdoor ip44 high energy saving and safety superior material with competitive price promotion for festivals,Home Decor & Festive Needs,Home Decor & Festive Needs
e3e7c584f317d1b5d6ac0088c411565e,Tatvaarts Tribal Face Showpiece  -  21.59 cm,tatvaarts tribal face showpiece 2159 cm brass gold price rs 6100 a nice and beautiful home dcor item made of cast iron this product stands out to enjoy a special place in your room it can also be gifted to your near and dear ones on any eventful day a nice and beautiful home dcor item made of cast iron this product stands out to enjoy a special place in your room it can also be gifted to your near and dear ones on any eventful day,Home Decor & Festive Needs,Home Decor & Festive Needs
f12a06b7dbfc55638afafcf8bb03d836,My Angel Gifts Show Piece Showpiece  -  5 cm,buy my angel gifts show piece showpiece 5 cm for rs1149 online my angel gifts show piece showpiece 5 cm at best prices with free shipping cash on delivery only genuine products 30 day replacement guarantee,Home Decor & Festive Needs,Home Decor & Festive Needs
0a8a1e9c6659361c0c2b247f8a6471d0,Jaipur Print Cotton Floral Diwan Set,key features of jaipur print cotton floral diwan set fast colour hand printed superior qualityjaipur print cotton floral diwan set price rs 2499 this nice and beautiful diwan set is made in city of kings jaipur it gives royal look to your house its superior quality printing gives your house new look royal diwan set made in royal city jaipurspecifications of jaipur print cotton floral diwan set general brand jaipur print design code diwan4 material cotton style code diwan4 pattern floral color multicolor warranty covered in warranty only manufacturing defect not covered in warranty if product is used or not returne its origional packing dimensions bolster cover length 29 inch 40 cm weight 900 g cushion cover width 15 inch 40 cm cushion cover length 15 inch 40 cm diwan sheet length 86 inch 220 cm diwan sheet width 59 inch 150 cm additional features fabric care do not bleach in the box number of contents in sales package pack of 8 sales package 1 single bedsheet with 5 cushion covers and 2 bolster cover,Home Furnishing,Home Furnishing
3f9f12fa8fc6d7ebef136040f179a201,Sapatos Plain Single Dohar Fushia,sapatos plain single dohar fushia 1 piece brown single dohar price rs 1499 add spunk to your home decor with this beautifully designed dohar from sapatos crafted to provide utmost comfort this exquisite quilt will ensure that you look forward to crash into bed after a tiring day add spunk to your home decor with this beautifully designed dohar from sapatos crafted to provide utmost comfort this exquisite quilt will ensure that you look forward to crash into bed after a tiring day,Home Furnishing,Home Decor & Festive Needs
73f460cd6f3fd206902d7097a1816405,Rockmantra Fantasy Art 18 Ceramic Mug,rockmantra fantasy art 18 ceramic mug 55 l price rs 199 give a thrilling yet fresh start to your day an exclusive creation by rockmantra this mug features porcelain crafting ensuring the design stays permanent for years to come and making it a perfect pick to gift your loved ones toodishwasher and microwave safe product details and specifications material ceramic size 35 x 4 give a thrilling yet fresh start to your day an exclusive creation by rockmantra this mug features porcelain crafting ensuring the design stays permanent for years to come and making it a perfect pick to gift your loved ones toodishwasher and microwave safe product details and specifications material ceramic size 35 x 4,Kitchen & Dining,Kitchen & Dining
55ce1309b69e1912d2fd60a3ee3f351b,Tatvaarts Elephant Mini ( Fine-Finish) Showpiece  -  8.89 cm,tatvaarts elephant mini finefinish showpiece 889 cm brass gold price rs 4200 elephants are such animals that everybody loves them be it in reality or in form of toys paintings on accessories or artifacts this is an adorable elephant which is adorned with traditional and beautiful hand carved designsspecialty made from brass alloy of copper and zinc hand carved designs traditional and natural feel lustrous and gold like appearance handmade by the craftsmen elephants are such animals that everybody loves them be it in reality or in form of toys paintings on accessories or artifacts this is an adorable elephant which is adorned with traditional and beautiful hand carved designsspecialty made from brass alloy of copper and zinc hand carved designs traditional and natural feel lustrous and gold like appearance handmade by the craftsmen,Home Decor & Festive Needs,Home Decor & Festive Needs
c7d81193e868b50355412ced7a67f8f3,Maxima 24742LMGY Gold Analog Watch  - For Men,maxima 24742lmgy gold analog watch for men buy maxima 24742lmgy gold analog watch for men 24742lmgy online at rs950 in india only at flipkartcom black strap water resistant round dial great discounts only genuine products 30 day replacement guarantee free shipping cash on delivery,Watches,Watches
28e3f1e490cfc4b47bfb50671ff93283,Casotec Plexible LED Light 275012 Led Light USB Led Light,buy casotec plexible led light 275012 led light usb led light for rs149 online casotec plexible led light 275012 led light usb led light at best prices with free shipping cash on delivery only genuine products 30 day replacement guarantee,Computers,Home Decor & Festive Needs
2bf95e5f8c4d7d0126de92e476d4fc8b,Sonpra Baby Boy's Bodysuit,sonpra baby boys bodysuit price rs 570 100 cotton baby rompers bodysuits combination of solids stripes five bodysuits pack of 5 best gift for your baby kids safety made with premium quality soft fabric save your little cutie pie you surely avoid to go out with your baby but if you go out then do not worry about your kids safety from the house of sonpra this set is now available online on this website to protect your kid 100 cotton baby rompers bodysuits combination of solids stripes five bodysuits pack of 5 best gift for your baby kids safety made with premium quality soft fabric save your little cutie pie you surely avoid to go out with your baby but if you go out then do not worry about your kids safety from the house of sonpra this set is now available online on this website to protect your kid,Baby Care,Baby Care
f559fdabbcc1f4980f215f847bfdd589,Flippd FD15102 Analog Watch  - For Men,flippd fd15102 analog watch for men buy flippd fd15102 analog watch for men fd15102 online at rs750 in india only at flipkartcom round dial black strap water resistant buckle clasp great discounts only genuine products 30 day replacement guarantee free shipping cash on delivery,Watches,Watches
04f9f818e2d657b873b07578cfe2eade,Monil Cow With Calf Showpiece  -  10.2 cm,buy monil cow with calf showpiece 102 cm for rs520 online monil cow with calf showpiece 102 cm at best prices with free shipping cash on delivery only genuine products 30 day replacement guarantee,Home Decor & Festive Needs,Home Decor & Festive Needs
0bff0eda7a6677dc1acb0477a1f7a121,"Shaun Solid Baby Boy's Grey, Dark Blue Track Pants",specifications of shaun solid baby boys grey dark blue track pants track pant details number of contents in sales package pack of 2 fabric cotton pockets 1 back pocket general details pattern solid ideal for baby boys in the box 2 track pant additional details style code 666btpxn fabric care gentle machine wash in lukewarm water do not bleach,Baby Care,Baby Care
